{"cubic": {"1": {"1": {"delay": 1993.971, "loss": 0.05613757292892918, "tput": 11.998444088014677}, "all": {"delay": 1993.971, "loss": 0.05613757292892918, "tput": 11.998444088014677}}}}